m,m_uncert,b,b_uncert,RMSE,R_squared
0.0007586717839635436,1.1122752007918457e-06,0.03338530178968954,0.0015578452450859294,0.03835979207555032,0.987647159884268
